Lumbridge (spawn)	3222,3218,0
Al Kharid bank	3269,3169,0
Aldarin bank	1399,2928,0
Ancient Prison bank	2904,5205,0
Ape Atoll bank	2780,2783,0
Arceuus bank	1635,3749,0
Ardougne bank	2619,3332,0
Auburnvale bank	1416,3356,0
Bank Boat bank	2280,2544,0
Barbarian Outpost bank	2536,3573,0
Blast Furnace bank	1948,4957,0
Blast Mine bank	1478,3873,0
Buccaneers' Haven bank	2096,3687,0
Burgh de Rott bank	3495,3211,0
Cam Torum bank	1454,9568,1
Canifis bank	3512,3483,0
Castle Wars bank	2443,3083,0
Catherby bank	2811,3441,0
Chambers of Xeric bank	3279,5200,0
Charred Island bank	2654,2387,0
Clan Hall bank	1748,5476,0
Cooks' Guild bank	3148,3450,0
Corsair Cove bank	2569,2864,0
Crafting Guild bank	2935,3280,0
Culinaromancer's Chest bank	3218,9623,0
Daimon's Crater bank	3426,4069,0
Darkmeyer bank	3607,3367,0
Deepfin Mine bank	2093,9198,0
Deepfin Point bank	1935,2754,0
Dorgesh-Kaan bank	2701,5352,0
Draynor Village bank	3092,3245,0
Edgeville bank	3098,3494,0
Emir's Arena bank	3382,3269,0
Etceteria bank	2620,3895,0
Falador bank	2949,3368,0
Farming Guild bank	1249,3758,0
Ferox Enclave bank	3130,3631,0
Fishing Guild bank	2586,3422,0
Fortis Colosseum bank	1804,9501,0
Fortis east bank bank	1780,3094,0
Fortis west bank bank	1648,3118,0
Fossil Island Museum Camp bank	3741,3805,0
Fossil Island Shipwreck bank	3768,3899,0
Fossil Island Volcano bank	3819,3809,0
Giants' Foundry bank	3374,11493,0
Grand Exchange bank	3167,3490,0
Great Conch bank	3180,2420,0
Hallowed Sepulchre bank	2404,5986,0
Hosidius bank	1748,3600,0
Hosidius Kitchen bank	1676,3615,0
Hosidius Sand Crabs bank	1719,3465,0
Hosidius Vinery bank	1809,3566,0
Hunter Guild bank	1542,3040,0
Jatizso bank	2417,3801,0
Keldagrim bank	2838,10207,0
Kourend Castle bank	1613,3681,2
Land's End bank	1512,3421,0
Legends' Guild bank	2732,3381,2
Lletya bank	2352,3162,0
Lovakengj bank	1438,3834,0
Lumbridge Castle bank	3209,3220,2
Lunar Isle bank	2099,3919,0
Mage Arena bank	2534,4712,0
Mage Training Arena bank	3365,3318,1
Mining Guild bank	3013,9718,0
Mistrock bank	1382,2866,0
Mor Ul Rek bank	2445,5180,0
Mos Le'Harmless bank	3680,2983,0
Motherlode Mine bank	3760,5666,0
Mount Karuulm bank	1324,3824,0
Mount Quidamortem bank	1254,3571,0
Myths' Guild bank	2465,2848,1
Nardah bank	3427,2894,0
Neitiznot bank	2339,3807,0
Nemus Retreat bank	1387,3309,0
Onyx Crest bank	2984,2268,0
Ourania bank	3013,5625,0
Piscatoris bank	2330,3690,0
Port Khazard bank	2661,3162,0
Port Phasmatys bank	3691,3466,0
Port Piscarilius bank	1808,3790,0
Port Roberts bank	1884,3315,1
Prifddinas bank	3258,6109,0
Quetzacalli Gorge bank	1519,3229,0
Rogues' Den bank	3040,4969,1
Ruins of Camdozaal bank	2978,5798,0
Ruins of Unkah bank	3156,2835,0
Seers' Village bank	2729,3493,0
Shantay Pass bank	3308,3120,0
Shayzien bank	1487,3594,0
Shayzien Encampment bank	1486,3646,0
Shilo Village bank	2853,2954,0
Sophanem bank	2801,5169,0
Soul Wars bank	2020,5931,0
Sulphur Mine bank	1477,3874,0
Sunbleak Island bank	2195,2314,0
Tal Teklan bank	1243,3121,0
Tarn's Lair bank	3195,4569,0
Temple of the Eye bank	3618,9473,0
The Darkfrost bank	1525,3293,0
The Pandemonium bank	3038,3000,0
Tombs of Amascut bank	3353,9118,0
Tree Gnome Stronghold bank	2442,3489,1
Trouble Brewing bank	3810,3021,0
Varrock bank	3185,3444,0
Ver Sinhaza bank	3652,3208,0
Void Knights' Outpost bank	2668,2653,0
Warriors' Guild bank	2843,3543,0
Wintertodt Camp bank	1640,3944,0
Woodcutting Guild bank	1551,9873,0
Yanille bank	2613,3094,0
Zanaris bank	2381,4460,0
